{"cameraMode":{"drawMode":0,"name":"Shaded","section":"Shading Mode"},"sceneLighting":true,"audioPlay":false,"sceneViewState":{"showFog":true,"showMaterialUpdate":false,"showSkybox":true,"showFlares":true,"showImageEffects":true,"showParticleSystems":true},"in2DMode":false,"pivot":{"x":-1.5368586778640748,"y":0.5389653444290161,"z":0.9533712863922119},"rotation":{"x":-0.0904274433851242,"y":0.699024498462677,"z":-0.0898306742310524,"w":-0.7036547064781189},"size":1.4598076343536378,"orthographic":false}