{"cameraMode":{"drawMode":0,"name":"Shaded","section":"Shading Mode"},"sceneLighting":true,"audioPlay":false,"sceneViewState":{"showFog":true,"showMaterialUpdate":false,"showSkybox":true,"showFlares":true,"showImageEffects":true,"showParticleSystems":true},"in2DMode":false,"pivot":{"x":-13.716130256652832,"y":-6.794704437255859,"z":-8.205842971801758},"rotation":{"x":0.1069009006023407,"y":-0.8453051447868347,"z":0.18442098796367646,"w":0.4899449646472931},"size":14.860950469970704,"orthographic":false}