{"cameraMode":{"drawMode":0,"name":"Shaded","section":"Shading Mode"},"sceneLighting":true,"audioPlay":false,"sceneViewState":{"showFog":true,"showMaterialUpdate":false,"showSkybox":true,"showFlares":true,"showImageEffects":true,"showParticleSystems":true},"in2DMode":false,"pivot":{"x":-2.995079517364502,"y":19.419607162475587,"z":-18.449993133544923},"rotation":{"x":0.10507785528898239,"y":-0.02685188688337803,"z":0.002833654871210456,"w":0.9941084384918213},"size":8.901130676269532,"orthographic":false}