{"cameraMode":{"drawMode":0,"name":"Shaded","section":"Shading Mode"},"sceneLighting":false,"audioPlay":false,"sceneViewState":{"showFog":true,"showMaterialUpdate":false,"showSkybox":false,"showFlares":true,"showImageEffects":true,"showParticleSystems":true},"in2DMode":false,"pivot":{"x":-0.31651052832603457,"y":0.920847475528717,"z":1.37663733959198},"rotation":{"x":0.10596335679292679,"y":-0.2536182999610901,"z":0.027961058542132379,"w":0.9610923528671265},"size":4.391213893890381,"orthographic":false}